{"cameraMode":{"drawMode":0,"name":"Shaded","section":"Shading Mode"},"sceneLighting":true,"audioPlay":false,"sceneViewState":{"m_AlwaysRefresh":false,"showFog":true,"showSkybox":true,"showFlares":true,"showImageEffects":true,"showParticleSystems":true,"showVisualEffectGraphs":true,"m_FxEnabled":true},"in2DMode":false,"pivot":{"x":441.059814453125,"y":282.5630798339844,"z":-1105.96923828125},"rotation":{"x":0.012309277430176735,"y":0.0014954194193705917,"z":-0.000018046148397843353,"w":0.9999249577522278},"size":1.965334415435791,"orthographic":false}